targetid,fog_mpc,rsd_mpc,applied_mpc
39627655565281772,29.30515,-3.704022,29.30515
39627655565282712,26.45966,-3.354079,26.45966
39627655565282351,24.55597,-3.009431,24.55597
39627655565281714,24.5532,-3.039221,24.5532
39627655565281232,24.51597,-2.992369,24.51597
39627782233260517,24.01063,-7.450501,24.01063
39627655565281301,22.78055,-2.754943,22.78055
39627655565279936,20.04014,-2.329964,20.04014
39627655565281027,19.51211,-2.330211,19.51211
39627782233260514,-17.02055,-5.011427,-17.02055
39627655565282724,16.02038,-1.856149,16.02038
39627764235503464,-14.48989,0.07044918,-14.48989
39627782233260225,13.1719,-7.595108,13.1719
39627703845917164,-12.88633,0.1099035,-12.88633
39627655565282902,12.83252,-1.376621,12.83252
39627667691016692,-11.96067,0.2682606,-11.96067
39627788273058394,11.55158,-7.648714,11.55158
39627727921221916,-11.42423,-1.091528,-11.42423
39627667602935418,-10.9237,-2.032139,-10.9237
39627727921219703,-10.85346,-0.5759582,-10.85346
39627703845916177,-10.49689,0.0684413,-10.49689
39627788273058985,10.47521,-7.666982,10.47521
39627788268867170,9.867049,-7.622059,9.867049
39627667602936195,-9.645802,-2.229681,-9.645802
39627667623908264,9.606104,-4.84734,9.606104
